<?xml version="1.0" encoding="UTF-8" ?>
<module>
    <name>simulator</name>
    <displayName><![CDATA[Simulateur]]></displayName>
    <version><![CDATA[1.0.0]]></version>
    <description><![CDATA[Module d&#039;int&eacute;gration de l&#039;API G6K &agrave; Prestashop]]></description>
    <author><![CDATA[Eureka and Co]]></author>
    <tab><![CDATA[front_office_features]]></tab>
	<confirmUninstall><![CDATA[Etes-vous certain de vouloir désinstaller le module simulateur]]></confirmUninstall>
    <is_configurable>1</is_configurable>
    <need_instance>1</need_instance>
	<limited_countries></limited_countries>
</module>