<?xml version="1.0" encoding="utf-8"?>
<extension type="component" version="3.0" method="upgrade">

	<name>Simulator</name>
	<!-- The following elements are optional and free of formatting constraints -->
	<creationDate>January 2021</creationDate>
	<author>Eureka</author>
	<authorEmail>eureka@example.org</authorEmail>
	<authorUrl>https://github.com/eureka2</authorUrl>
	<copyright>Copyright 2021 Eureka</copyright>
	<license>MIT</license>
	<!--  The version string is recorded in the components table -->
	<version>0.0.4</version>
	<!-- The description is optional and defaults to the name -->
	<description>Allows the integration of the G6K API in Joomla</description>

	<update> <!-- Runs on update; New since J2.5 -->
		<schemas>
			<schemapath type="mysql">sql/updates/mysql</schemapath>
		</schemas>
	</update>

	<!-- Site Main File Copy Section -->
	<!-- Note the folder attribute: This attribute describes the folder
		to copy FROM in the package to install therefore files copied
		in this section are copied from /site/ in the package -->
	<files folder="site">
		<filename>index.html</filename>
		<filename>simulator.php</filename>
		<filename>controller.php</filename>
		<filename>router.php</filename>
		<folder>views</folder>
		<folder>models</folder>
		<folder>language</folder>
	</files>

	<media folder="media" destination="com_simulator">
		<folder>css</folder>
		<folder>js</folder>
		<filename>index.html</filename>
	</media>	

	<languages folder="site/language">
		<language tag="en-GB">en-GB/en-GB.com_simulator.ini</language>
		<language tag="fr-FR">fr-FR/fr-FR.com_simulator.ini</language>
	</languages>

	<administration>
		<!-- Administration Menu Section -->
		<menu link='index.php?option=com_config&amp;view=component&amp;component=com_simulator'>Joomla/G6K integration component</menu>
		<!-- Administration Main File Copy Section -->
		<!-- Note the folder attribute: This attribute describes the folder
			to copy FROM in the package to install therefore files copied
			in this section are copied from /admin/ in the package -->
		<files folder="admin">
			<!-- Admin Main File Copy Section -->
			<filename>index.html</filename>
			<filename>simulator.php</filename>
			<filename>config.xml</filename>
			<folder>models</folder>
			<!-- SQL files section -->
			<folder>sql</folder>
		</files>
		<languages folder="admin/language">
			<language tag="en-GB">en-GB/en-GB.com_simulator.sys.ini</language>
			<language tag="fr-FR">fr-FR/fr-FR.com_simulator.sys.ini</language>
			<language tag="en-GB">en-GB/en-GB.com_simulator.ini</language>
			<language tag="fr-FR">fr-FR/fr-FR.com_simulator.ini</language>
		</languages>
	</administration>

</extension>