<paquet
	prefix="simulateur"
	categorie="divers"
	version="1.0.0"
	etat="stable"
	compatibilite="[3.0.0;3.2.*]"
	logo="prive/themes/spip/images/g6k-logo.png"
	documentation="https://github.com/eureka2/G6K/blob/5.x/integrations/spip/SPIP.md"
	developpement="https://github.com/eureka2/G6K"
>
	<nom>Intégration de l'API G6K à SPIP</nom>
	<!-- Intégration des simulateurs développés avec l'API G6K aux articles SPIP-->

	<auteur>Eureka2</auteur>
	<copyright>2021</copyright>
	<licence lien="https://raw.githubusercontent.com/eureka2/G6K/master/LICENSE">MIT</licence>
	<pipeline nom="insert_head_css" inclure="simulateur_pipelines.php" />
	<pipeline nom="header_prive_css" action="insert_head_css" inclure="simulateur_pipelines.php" />
	<pipeline nom="insert_head" inclure="simulateur_pipelines.php" />
	<pipeline nom="header_prive" action="insert_head" inclure="simulateur_pipelines.php" />
	<pipeline nom="rubrique_encours" inclure="simulateur_pipelines.php" />
	<menu nom="simulateur" titre="simulateur:simulator_settings" parent="menu_configuration" icone="images/simulateurs-16.png" action="configurer_simulateur" />
</paquet>
